kind,id,etag,selfLink,volumeInfo,saleInfo,accessInfo,searchInfo
books#volume,OcJKAQAAQBAJ,xq+CcMKg7oo,https://www.googleapis.com/books/v1/volumes/OcJKAQAAQBAJ,"{'title': 'The Dunning School', 'subtitle': 'Historians, Race, and the Meaning of Reconstruction', 'authors': ['John David Smith', 'J. Vincent Lowery'], 'publisher': 'University Press of Kentucky', 'publishedDate': '2013-10-14', 'description': ""From the late nineteenth century until World War I, a group of Columbia University students gathered under the mentorship of the renowned historian William Archibald Dunning (1857--1922). Known as the Dunning School, these students wrote the first generation of state studies on the Reconstruction -- volumes that generally sympathized with white southerners, interpreted radical Reconstruction as a mean-spirited usurpation of federal power, and cast the Republican Party as a coalition of carpetbaggers, freedmen, scalawags, and former Unionists. Edited by the award-winning historian John David Smith and J. Vincent Lowery, The Dunning School focuses on this controversial group of historians and its scholarly output. Despite their methodological limitations and racial bias, the Dunning historians' writings prefigured the sources and questions that later historians of the Reconstruction would utilize and address. Many of their pioneering dissertations remain important to ongoing debates on the broad meaning of the Civil War and Reconstruction and the evolution of American historical scholarship. This groundbreaking collection of original essays offers a fair and critical assessment of the Dunning School that focuses on the group's purpose, the strengths and weaknesses of its constituents, and its legacy. Squaring the past with the present, this important book also explores the evolution of historical interpretations over time and illuminates the ways in which contemporary political, racial, and social questions shape historical analyses."", 'industryIdentifiers': [{'type': 'ISBN_13', 'identifier': '9780813142739'}, {'type': 'ISBN_10', 'identifier': '0813142733'}], 'readingModes': {'text': False, 'image': True}, 'pageCount': 338, 'printType': 'BOOK', 'categories': ['History'], 'maturityRating': 'NOT_MATURE', 'allowAnonLogging': False, 'contentVersion': 'preview-1.0.0', 'imageLinks': {'smallThumbnail': 'http://books.google.com/books/content?id=OcJKAQAAQBAJ&printsec=frontcover&img=1&zoom=5&edge=curl&source=gbs_api', 'thumbnail': 'http://books.google.com/books/content?id=OcJKAQAAQBAJ&printsec=frontcover&img=1&zoom=1&edge=curl&source=gbs_api'}, 'language': 'en', 'previewLink': 'http://books.google.com/books?id=OcJKAQAAQBAJ&pg=PA74&dq=%27%27Ku+Klux+Klan+Trilogy+(1902%E2%80%931907)+(series),+Thomas+Dixon,+Jr.%27%27&hl=&as_pt=BOOKS&cd=1&source=gbs_api', 'infoLink': 'http://books.google.com/books?id=OcJKAQAAQBAJ&dq=%27%27Ku+Klux+Klan+Trilogy+(1902%E2%80%931907)+(series),+Thomas+Dixon,+Jr.%27%27&hl=&as_pt=BOOKS&source=gbs_api', 'canonicalVolumeLink': 'https://books.google.com/books/about/The_Dunning_School.html?hl=&id=OcJKAQAAQBAJ'}","{'country': 'US', 'saleability': 'NOT_FOR_SALE', 'isEbook': False}","{'country': 'US', 'viewability': 'PARTIAL', 'embeddable': True, 'publicDomain': False, 'textToSpeechPermission': 'ALLOWED', 'epub': {'isAvailable': False}, 'pdf': {'isAvailable': False}, 'webReaderLink': 'http://play.google.com/books/reader?id=OcJKAQAAQBAJ&hl=&as_pt=BOOKS&printsec=frontcover&source=gbs_api', 'accessViewStatus': 'SAMPLE', 'quoteSharingAllowed': False}","{'textSnippet': 'Burgess and Dunning were also competing for general readers with <b>Thomas Dixon Jr</b>. and his highly successful, melodramatic, and fictional <b>Ku Klux Klan trilogy</b> published between <b>1902</b> and <b>1907</b>. 35. Wharton, “Reconstruction,” 298, 304–6,&nbsp;...'}"
books#volume,NQ2pAgAAQBAJ,H0wXjHc3OdM,https://www.googleapis.com/books/v1/volumes/NQ2pAgAAQBAJ,"{'title': 'Origins of the New South, 1877--1913', 'subtitle': 'A History of the South', 'authors': ['C. Vann Woodward'], 'publisher': 'LSU Press', 'publishedDate': '1981-08', 'description': '?', 'industryIdentifiers': [{'type': 'ISBN_13', 'identifier': '9780807158203'}, {'type': 'ISBN_10', 'identifier': '0807158208'}], 'readingModes': {'text': False, 'image': True}, 'pageCount': 672, 'printType': 'BOOK', 'categories': ['History'], 'maturityRating': 'NOT_MATURE', 'allowAnonLogging': False, 'contentVersion': '0.1.0.0.preview.1', 'panelizationSummary': {'containsEpubBubbles': False, 'containsImageBubbles': False}, 'imageLinks': {'smallThumbnail': 'http://books.google.com/books/content?id=NQ2pAgAAQBAJ&printsec=frontcover&img=1&zoom=5&edge=curl&source=gbs_api', 'thumbnail': 'http://books.google.com/books/content?id=NQ2pAgAAQBAJ&printsec=frontcover&img=1&zoom=1&edge=curl&source=gbs_api'}, 'language': 'en', 'previewLink': 'http://books.google.com/books?id=NQ2pAgAAQBAJ&pg=PA352&dq=%27%27Ku+Klux+Klan+Trilogy+(1902%E2%80%931907)+(series),+Thomas+Dixon,+Jr.%27%27&hl=&as_pt=BOOKS&cd=2&source=gbs_api', 'infoLink': 'http://books.google.com/books?id=NQ2pAgAAQBAJ&dq=%27%27Ku+Klux+Klan+Trilogy+(1902%E2%80%931907)+(series),+Thomas+Dixon,+Jr.%27%27&hl=&as_pt=BOOKS&source=gbs_api', 'canonicalVolumeLink': 'https://books.google.com/books/about/Origins_of_the_New_South_1877_1913.html?hl=&id=NQ2pAgAAQBAJ'}","{'country': 'US', 'saleability': 'NOT_FOR_SALE', 'isEbook': False}","{'country': 'US', 'viewability': 'PARTIAL', 'embeddable': True, 'publicDomain': False, 'textToSpeechPermission': 'ALLOWED', 'epub': {'isAvailable': False}, 'pdf': {'isAvailable': False}, 'webReaderLink': 'http://play.google.com/books/reader?id=NQ2pAgAAQBAJ&hl=&as_pt=BOOKS&printsec=frontcover&source=gbs_api', 'accessViewStatus': 'SAMPLE', 'quoteSharingAllowed': False}","{'textSnippet': '<b>Thomas Dixon&#39;s</b> popular “<b>series</b> of historical novels . . . on the race conflict,” as the author described the <b>trilogy</b>, ... of the <b>Ku Klux Klan</b> (New York, 1905); The Traitor: A Story of the Fall of the Invisible Empire (New York, <b>1907</b>).'}"
books#volume,fBnEDwAAQBAJ,SlR7lw9fsx8,https://www.googleapis.com/books/v1/volumes/fBnEDwAAQBAJ,"{'title': 'The Traitor', 'subtitle': 'A Story of the Fall of the Invisible Empire', 'authors': ['Thomas Jr. Dixon'], 'publisher': 'Good Press', 'publishedDate': '2021-05-20', 'description': '""The Traitor"" by Thomas Jr. Dixon. Published by Good Press. Good Press publishes a wide range of titles that encompasses every genre. From well-known classics & literary fiction and non-fiction to forgotten−or yet undiscovered gems−of world literature, we issue the books that need to be read. Each Good Press edition has been meticulously edited and formatted to boost readability for all e-readers and devices. Our goal is to produce eBooks that are user-friendly and accessible to everyone in a high-quality digital format.', 'industryIdentifiers': [{'type': 'OTHER', 'identifier': 'EAN:4064066182922'}], 'readingModes': {'text': True, 'image': True}, 'pageCount': 159, 'printType': 'BOOK', 'categories': ['Fiction'], 'maturityRating': 'NOT_MATURE', 'allowAnonLogging': False, 'contentVersion': '1.5.7.0.preview.3', 'panelizationSummary': {'containsEpubBubbles': False, 'containsImageBubbles': False}, 'imageLinks': {'smallThumbnail': 'http://books.google.com/books/content?id=fBnEDwAAQBAJ&printsec=frontcover&img=1&zoom=5&edge=curl&source=gbs_api', 'thumbnail': 'http://books.google.com/books/content?id=fBnEDwAAQBAJ&printsec=frontcover&img=1&zoom=1&edge=curl&source=gbs_api'}, 'language': 'en', 'previewLink': 'http://books.google.com/books?id=fBnEDwAAQBAJ&printsec=frontcover&dq=%27%27Ku+Klux+Klan+Trilogy+(1902%E2%80%931907)+(series),+Thomas+Dixon,+Jr.%27%27&hl=&as_pt=BOOKS&cd=3&source=gbs_api', 'infoLink': 'https://play.google.com/store/books/details?id=fBnEDwAAQBAJ&source=gbs_api', 'canonicalVolumeLink': 'https://play.google.com/store/books/details?id=fBnEDwAAQBAJ'}","{'country': 'US', 'saleability': 'FOR_SALE', 'isEbook': True, 'listPrice': {'amount': 0.99, 'currencyCode': 'USD'}, 'retailPrice': {'amount': 0.99, 'currencyCode': 'USD'}, 'buyLink': 'https://play.google.com/store/books/details?id=fBnEDwAAQBAJ&rdid=book-fBnEDwAAQBAJ&rdot=1&source=gbs_api', 'offers': [{'finskyOfferType': 1, 'listPrice': {'amountInMicros': 990000, 'currencyCode': 'USD'}, 'retailPrice': {'amountInMicros': 990000, 'currencyCode': 'USD'}, 'giftable': True}]}","{'country': 'US', 'viewability': 'PARTIAL', 'embeddable': True, 'publicDomain': False, 'textToSpeechPermission': 'ALLOWED', 'epub': {'isAvailable': True}, 'pdf': {'isAvailable': True}, 'webReaderLink': 'http://play.google.com/books/reader?id=fBnEDwAAQBAJ&hl=&as_pt=BOOKS&printsec=frontcover&source=gbs_api', 'accessViewStatus': 'SAMPLE', 'quoteSharingAllowed': False}",{'textSnippet': '&quot;The Traitor&quot; by Thomas Jr. Dixon.'}
books#volume,SZIlEAAAQBAJ,ttNEOCacnT4,https://www.googleapis.com/books/v1/volumes/SZIlEAAAQBAJ,"{'title': 'Ku Klux Kulture', 'subtitle': 'America and the Klan in the 1920s', 'authors': ['Felix Harcourt'], 'publisher': 'University of Chicago Press', 'publishedDate': '2019-05-09', 'description': 'In popular understanding, the Ku Klux Klan is a hateful white supremacist organization. In Ku Klux Kulture, Felix Harcourt argues that in the 1920s the self-proclaimed Invisible Empire had an even wider significance as a cultural movement. Ku Klux Kulture reveals the extent to which the KKK participated in and penetrated popular American culture, reaching far beyond its paying membership to become part of modern American society. The Klan owned radio stations, newspapers, and sports teams, and its members created popular films, pulp novels, music, and more. Harcourt shows how the Klan’s racist and nativist ideology became subsumed in sunnier popular portrayals of heroic vigilantism. In the process he challenges prevailing depictions of the 1920s, which may be best understood not as the Jazz Age or the Age of Prohibition, but as the Age of the Klan. Ku Klux Kulture gives us an unsettling glimpse into the past, arguing that the Klan did not die so much as melt into America’s prevailing culture.', 'industryIdentifiers': [{'type': 'ISBN_13', 'identifier': '9780226637938'}, {'type': 'ISBN_10', 'identifier': '022663793X'}], 'readingModes': {'text': False, 'image': True}, 'pageCount': 259, 'printType': 'BOOK', 'categories': ['History'], 'maturityRating': 'NOT_MATURE', 'allowAnonLogging': False, 'contentVersion': 'preview-1.0.0', 'panelizationSummary': {'containsEpubBubbles': False, 'containsImageBubbles': False}, 'imageLinks': {'smallThumbnail': 'http://books.google.com/books/content?id=SZIlEAAAQBAJ&printsec=frontcover&img=1&zoom=5&edge=curl&source=gbs_api', 'thumbnail': 'http://books.google.com/books/content?id=SZIlEAAAQBAJ&printsec=frontcover&img=1&zoom=1&edge=curl&source=gbs_api'}, 'language': 'en', 'previewLink': 'http://books.google.com/books?id=SZIlEAAAQBAJ&pg=PA83&dq=%27%27Ku+Klux+Klan+Trilogy+(1902%E2%80%931907)+(series),+Thomas+Dixon,+Jr.%27%27&hl=&as_pt=BOOKS&cd=4&source=gbs_api', 'infoLink': 'http://books.google.com/books?id=SZIlEAAAQBAJ&dq=%27%27Ku+Klux+Klan+Trilogy+(1902%E2%80%931907)+(series),+Thomas+Dixon,+Jr.%27%27&hl=&as_pt=BOOKS&source=gbs_api', 'canonicalVolumeLink': 'https://books.google.com/books/about/Ku_Klux_Kulture.html?hl=&id=SZIlEAAAQBAJ'}","{'country': 'US', 'saleability': 'NOT_FOR_SALE', 'isEbook': False}","{'country': 'US', 'viewability': 'PARTIAL', 'embeddable': True, 'publicDomain': False, 'textToSpeechPermission': 'ALLOWED', 'epub': {'isAvailable': False}, 'pdf': {'isAvailable': False}, 'webReaderLink': 'http://play.google.com/books/reader?id=SZIlEAAAQBAJ&hl=&as_pt=BOOKS&printsec=frontcover&source=gbs_api', 'accessViewStatus': 'SAMPLE', 'quoteSharingAllowed': False}","{'textSnippet': 'N. J. Floyd&#39;s Thorns in the Flesh came first in 1884, followed by Thomas Jefferson Jerome&#39;s <b>Ku</b>- <b>Klux Klan</b> No. ... however, with <b>Thomas Dixon Jr</b>.     Dixon&#39;s “Reconstruction <b>Trilogy</b>”— The Leopard&#39;s Spots (<b>1902</b>), The Clansman (1905),&nbsp;...'}"
books#volume,3AYPAAAAIAAJ,9o7CCVD9rpY,https://www.googleapis.com/books/v1/volumes/3AYPAAAAIAAJ,"{'title': 'The Traitor', 'subtitle': 'A Story of the Fall of the Invisible Empire', 'authors': ['Thomas Dixon'], 'publisher': 'New York : Grosset & Dunlap', 'publishedDate': '1907', 'industryIdentifiers': [{'type': 'OTHER', 'identifier': 'STANFORD:36105005441881'}], 'readingModes': {'text': False, 'image': True}, 'pageCount': 329, 'printType': 'BOOK', 'categories': ['North Carolina'], 'maturityRating': 'NOT_MATURE', 'allowAnonLogging': False, 'contentVersion': '0.5.5.0.full.1', 'panelizationSummary': {'containsEpubBubbles': False, 'containsImageBubbles': False}, 'imageLinks': {'smallThumbnail': 'http://books.google.com/books/content?id=3AYPAAAAIAAJ&printsec=frontcover&img=1&zoom=5&edge=curl&source=gbs_api', 'thumbnail': 'http://books.google.com/books/content?id=3AYPAAAAIAAJ&printsec=frontcover&img=1&zoom=1&edge=curl&source=gbs_api'}, 'language': 'en', 'previewLink': 'http://books.google.com/books?id=3AYPAAAAIAAJ&printsec=frontcover&dq=%27%27Ku+Klux+Klan+Trilogy+(1902%E2%80%931907)+(series),+Thomas+Dixon,+Jr.%27%27&hl=&as_pt=BOOKS&cd=5&source=gbs_api', 'infoLink': 'https://play.google.com/store/books/details?id=3AYPAAAAIAAJ&source=gbs_api', 'canonicalVolumeLink': 'https://play.google.com/store/books/details?id=3AYPAAAAIAAJ'}","{'country': 'US', 'saleability': 'FREE', 'isEbook': True, 'buyLink': 'https://play.google.com/store/books/details?id=3AYPAAAAIAAJ&rdid=book-3AYPAAAAIAAJ&rdot=1&source=gbs_api'}","{'country': 'US', 'viewability': 'ALL_PAGES', 'embeddable': True, 'publicDomain': True, 'textToSpeechPermission': 'ALLOWED', 'epub': {'isAvailable': False, 'downloadLink': 'http://books.google.com/books/download/The_Traitor.epub?id=3AYPAAAAIAAJ&hl=&output=epub&source=gbs_api'}, 'pdf': {'isAvailable': True, 'downloadLink': 'http://books.google.com/books/download/The_Traitor.pdf?id=3AYPAAAAIAAJ&hl=&output=pdf&sig=ACfU3U2DniprxICMU_6xrhxsdNr7f_cFoA&source=gbs_api'}, 'webReaderLink': 'http://play.google.com/books/reader?id=3AYPAAAAIAAJ&hl=&as_pt=BOOKS&printsec=frontcover&source=gbs_api', 'accessViewStatus': 'FULL_PUBLIC_DOMAIN', 'quoteSharingAllowed': False}",
books#volume,rl5_5u3tiRkC,oqafnG+6YA4,https://www.googleapis.com/books/v1/volumes/rl5_5u3tiRkC,"{'title': 'The Companion to Southern Literature', 'subtitle': 'Themes, Genres, Places, People, Movements, and Motifs', 'authors': ['Joseph M. Flora', 'Lucinda Hardwick MacKethan'], 'publisher': 'LSU Press', 'publishedDate': '2001-11-01', 'description': 'Selected as an Outstanding Academic Title by Choice Selected as an Outstanding Reference Source by the Reference and User Services Association of the American Library Association There are many anthologies of southern literature, but this is the first companion. Neither a survey of masterpieces nor a biographical sourcebook, The Companion to Southern Literature treats every conceivable topic found in southern writing from the pre-Columbian era to the present, referencing specific works of all periods and genres. Top scholars in their fields offer original definitions and examples of the concepts they know best, identifying the themes, burning issues, historical personalities, beloved icons, and common or uncommon stereotypes that have shaped the most significant regional literature in memory. Read the copious offerings straight through in alphabetical order (Ancestor Worship, Blue-Collar Literature, Caves) or skip randomly at whim (Guilt, The Grotesque, William Jefferson Clinton). Whatever approach you take, The Companion’s authority, scope, and variety in tone and interpretation will prove a boon and a delight. Explored here are literary embodiments of the Old South, New South, Solid South, Savage South, Lazy South, and “Sahara of the Bozart.” As up-to-date as grit lit, K Mart fiction, and postmodernism, and as old-fashioned as Puritanism, mules, and the tall tale, these five hundred entries span a reach from Lady to Lesbian Literature. The volume includes an overview of every southern state’s belletristic heritage while making it clear that the southern mind extends beyond geographical boundaries to form an essential component of the American psyche. The South’s lavishly rich literature provides the best means of understanding the region’s deepest nature, and The Companion to Southern Literature will be an invaluable tool for those who take on that exciting challenge. Description of Contents 500 lively, succinct articles on topics ranging from Abolition to Yoknapatawpha 250 contributors, including scholars, writers, and poets 2 tables of contents — alphabetical and subject — and a complete index A separate bibliography for most entries', 'industryIdentifiers': [{'type': 'ISBN_10', 'identifier': '0807126926'}, {'type': 'ISBN_13', 'identifier': '9780807126929'}], 'readingModes': {'text': False, 'image': True}, 'pageCount': 1054, 'printType': 'BOOK', 'categories': ['Reference'], 'averageRating': 5, 'ratingsCount': 1, 'maturityRating': 'NOT_MATURE', 'allowAnonLogging': False, 'contentVersion': '3.2.1.0.preview.1', 'panelizationSummary': {'containsEpubBubbles': False, 'containsImageBubbles': False}, 'imageLinks': {'smallThumbnail': 'http://books.google.com/books/content?id=rl5_5u3tiRkC&printsec=frontcover&img=1&zoom=5&edge=curl&source=gbs_api', 'thumbnail': 'http://books.google.com/books/content?id=rl5_5u3tiRkC&printsec=frontcover&img=1&zoom=1&edge=curl&source=gbs_api'}, 'language': 'en', 'previewLink': 'http://books.google.com/books?id=rl5_5u3tiRkC&pg=PA390&dq=%27%27Ku+Klux+Klan+Trilogy+(1902%E2%80%931907)+(series),+Thomas+Dixon,+Jr.%27%27&hl=&as_pt=BOOKS&cd=6&source=gbs_api', 'infoLink': 'http://books.google.com/books?id=rl5_5u3tiRkC&dq=%27%27Ku+Klux+Klan+Trilogy+(1902%E2%80%931907)+(series),+Thomas+Dixon,+Jr.%27%27&hl=&as_pt=BOOKS&source=gbs_api', 'canonicalVolumeLink': 'https://books.google.com/books/about/The_Companion_to_Southern_Literature.html?hl=&id=rl5_5u3tiRkC'}","{'country': 'US', 'saleability': 'NOT_FOR_SALE', 'isEbook': False}","{'country': 'US', 'viewability': 'PARTIAL', 'embeddable': True, 'publicDomain': False, 'textToSpeechPermission': 'ALLOWED', 'epub': {'isAvailable': False}, 'pdf': {'isAvailable': False}, 'webReaderLink': 'http://play.google.com/books/reader?id=rl5_5u3tiRkC&hl=&as_pt=BOOKS&printsec=frontcover&source=gbs_api', 'accessViewStatus': 'SAMPLE', 'quoteSharingAllowed': False}","{'textSnippet': '... North Carolinian <b>Thomas Dixon Jr</b>. In a <b>trilogy</b> of novels dealing with Reconstruction — The Leopard&#39;s Spots ( <b>1902</b> ) , The Clansman ( 1905 ) , and The Traitor ( <b>1907</b> ) —Dixon popularized the idea that the <b>Ku Klux Klan</b> was the savior&nbsp;...'}"
books#volume,HPYP-a0hjLsC,wS9igqg4fHc,https://www.googleapis.com/books/v1/volumes/HPYP-a0hjLsC,"{'title': 'American Fiction, 1901-1925', 'subtitle': 'A Bibliography', 'authors': ['Geoffrey D. Smith'], 'publisher': 'Cambridge University Press', 'publishedDate': '1997-08-13', 'description': 'A 1997 bibliography of American fiction from 1901-1925.', 'industryIdentifiers': [{'type': 'ISBN_10', 'identifier': '0521434696'}, {'type': 'ISBN_13', 'identifier': '9780521434690'}], 'readingModes': {'text': False, 'image': True}, 'pageCount': 1038, 'printType': 'BOOK', 'categories': ['Literary Criticism'], 'maturityRating': 'NOT_MATURE', 'allowAnonLogging': False, 'contentVersion': '0.3.1.0.preview.1', 'panelizationSummary': {'containsEpubBubbles': False, 'containsImageBubbles': False}, 'imageLinks': {'smallThumbnail': 'http://books.google.com/books/content?id=HPYP-a0hjLsC&printsec=frontcover&img=1&zoom=5&edge=curl&source=gbs_api', 'thumbnail': 'http://books.google.com/books/content?id=HPYP-a0hjLsC&printsec=frontcover&img=1&zoom=1&edge=curl&source=gbs_api'}, 'language': 'en', 'previewLink': 'http://books.google.com/books?id=HPYP-a0hjLsC&pg=PA190&dq=%27%27Ku+Klux+Klan+Trilogy+(1902%E2%80%931907)+(series),+Thomas+Dixon,+Jr.%27%27&hl=&as_pt=BOOKS&cd=7&source=gbs_api', 'infoLink': 'http://books.google.com/books?id=HPYP-a0hjLsC&dq=%27%27Ku+Klux+Klan+Trilogy+(1902%E2%80%931907)+(series),+Thomas+Dixon,+Jr.%27%27&hl=&as_pt=BOOKS&source=gbs_api', 'canonicalVolumeLink': 'https://books.google.com/books/about/American_Fiction_1901_1925.html?hl=&id=HPYP-a0hjLsC'}","{'country': 'US', 'saleability': 'NOT_FOR_SALE', 'isEbook': False}","{'country': 'US', 'viewability': 'PARTIAL', 'embeddable': True, 'publicDomain': False, 'textToSpeechPermission': 'ALLOWED', 'epub': {'isAvailable': False}, 'pdf': {'isAvailable': False}, 'webReaderLink': 'http://play.google.com/books/reader?id=HPYP-a0hjLsC&hl=&as_pt=BOOKS&printsec=frontcover&source=gbs_api', 'accessViewStatus': 'SAMPLE', 'quoteSharingAllowed': False}","{'textSnippet': 'New York : Moffat , Yard &amp; Company , <b>1907</b> . ... BLC : London : Doubleday , Page &amp; Co. , <b>1902</b> . ... The clansman : an historical romance of the <b>Ku Klux Klan</b> / by <b>Thomas Dixon</b> , <b>Jr</b> .; illustrated by Arthur I. Keller .'}"
books#volume,RwgWEAAAQBAJ,l3g5YpgROPo,https://www.googleapis.com/books/v1/volumes/RwgWEAAAQBAJ,"{'title': 'Colorization', 'subtitle': 'One Hundred Years of Black Films in a White World', 'authors': ['Wil Haygood'], 'publisher': 'Knopf', 'publishedDate': '2021-10-19', 'description': ""This unprecedented history of Black cinema examines 100 years of Black movies—from Gone with the Wind to Blaxploitation films to Black Panther—using the struggles and triumphs of the artists, and the films themselves, as a prism to explore Black culture, civil rights, and racism in America. From the acclaimed author of The Butler and Showdown. Beginning in 1915 with D. W. Griffith's The Birth of a Nation—which glorified the Ku Klux Klan and became Hollywood's first blockbuster—Wil Haygood gives us an incisive, fascinating, little-known history, spanning more than a century, of Black artists in the film business, on-screen and behind the scenes. He makes clear the effects of changing social realities and events on the business of making movies and on what was represented on the screen: from Jim Crow and segregation to white flight and interracial relationships, from the assassination of Malcolm X, to the O. J. Simpson trial, to the Black Lives Matter movement. He considers the films themselves—including Imitation of Life, Gone with the Wind, Porgy and Bess, the Blaxploitation films of the seventies, Do The Right Thing, 12 Years a Slave, and Black Panther. And he brings to new light the careers and significance of a wide range of historic and contemporary figures: Hattie McDaniel, Sidney Poitier, Berry Gordy, Alex Haley, Spike Lee, Billy Dee Willliams, Richard Pryor, Halle Berry, Ava DuVernay, and Jordan Peele, among many others. An important, timely book, Colorization gives us both an unprecedented history of Black cinema and a groundbreaking perspective on racism in modern America."", 'industryIdentifiers': [{'type': 'ISBN_13', 'identifier': '9780525656883'}, {'type': 'ISBN_10', 'identifier': '052565688X'}], 'readingModes': {'text': True, 'image': False}, 'pageCount': 464, 'printType': 'BOOK', 'categories': ['Performing Arts'], 'maturityRating': 'NOT_MATURE', 'allowAnonLogging': False, 'contentVersion': '1.1.1.0.preview.2', 'panelizationSummary': {'containsEpubBubbles': False, 'containsImageBubbles': False}, 'imageLinks': {'smallThumbnail': 'http://books.google.com/books/content?id=RwgWEAAAQBAJ&printsec=frontcover&img=1&zoom=5&edge=curl&source=gbs_api', 'thumbnail': 'http://books.google.com/books/content?id=RwgWEAAAQBAJ&printsec=frontcover&img=1&zoom=1&edge=curl&source=gbs_api'}, 'language': 'en', 'previewLink': 'http://books.google.com/books?id=RwgWEAAAQBAJ&pg=PT11&dq=%27%27Ku+Klux+Klan+Trilogy+(1902%E2%80%931907)+(series),+Thomas+Dixon,+Jr.%27%27&hl=&as_pt=BOOKS&cd=8&source=gbs_api', 'infoLink': 'https://play.google.com/store/books/details?id=RwgWEAAAQBAJ&source=gbs_api', 'canonicalVolumeLink': 'https://play.google.com/store/books/details?id=RwgWEAAAQBAJ'}","{'country': 'US', 'saleability': 'FOR_SALE', 'isEbook': True, 'listPrice': {'amount': 15.99, 'currencyCode': 'USD'}, 'retailPrice': {'amount': 15.99, 'currencyCode': 'USD'}, 'buyLink': 'https://play.google.com/store/books/details?id=RwgWEAAAQBAJ&rdid=book-RwgWEAAAQBAJ&rdot=1&source=gbs_api', 'offers': [{'finskyOfferType': 1, 'listPrice': {'amountInMicros': 15990000, 'currencyCode': 'USD'}, 'retailPrice': {'amountInMicros': 15990000, 'currencyCode': 'USD'}, 'giftable': True}]}","{'country': 'US', 'viewability': 'PARTIAL', 'embeddable': True, 'publicDomain': False, 'textToSpeechPermission': 'ALLOWED_FOR_ACCESSIBILITY', 'epub': {'isAvailable': True, 'acsTokenLink': 'http://books.google.com/books/download/Colorization-sample-epub.acsm?id=RwgWEAAAQBAJ&format=epub&output=acs4_fulfillment_token&dl_type=sample&source=gbs_api'}, 'pdf': {'isAvailable': False}, 'webReaderLink': 'http://play.google.com/books/reader?id=RwgWEAAAQBAJ&hl=&as_pt=BOOKS&printsec=frontcover&source=gbs_api', 'accessViewStatus': 'SAMPLE', 'quoteSharingAllowed': False}","{'textSnippet': 'One guest who befriended Wilson was <b>Thomas Dixon</b>, <b>Jr</b>. Both men gravitated toward literature and writing. ... He was also proud to tell them that his father had been a vaunted member of the <b>Ku Klux Klan</b> following Reconstruction. <b>Dixon</b>&nbsp;...'}"
books#volume,uPK8P2Th0ocC,4h+lbgjS6Ys,https://www.googleapis.com/books/v1/volumes/uPK8P2Th0ocC,"{'title': 'Albion W. Tourgée', 'subtitle': 'Critic of Society', 'authors': ['Martin Ernst Hillger'], 'publisher': 'Ardent Media', 'publishedDate': '1959', 'readingModes': {'text': False, 'image': True}, 'pageCount': 628, 'printType': 'BOOK', 'maturityRating': 'NOT_MATURE', 'allowAnonLogging': False, 'contentVersion': '0.0.1.0.preview.1', 'panelizationSummary': {'containsEpubBubbles': False, 'containsImageBubbles': False}, 'imageLinks': {'smallThumbnail': 'http://books.google.com/books/content?id=uPK8P2Th0ocC&printsec=frontcover&img=1&zoom=5&edge=curl&source=gbs_api', 'thumbnail': 'http://books.google.com/books/content?id=uPK8P2Th0ocC&printsec=frontcover&img=1&zoom=1&edge=curl&source=gbs_api'}, 'language': 'en', 'previewLink': 'http://books.google.com/books?id=uPK8P2Th0ocC&pg=PA93&dq=%27%27Ku+Klux+Klan+Trilogy+(1902%E2%80%931907)+(series),+Thomas+Dixon,+Jr.%27%27&hl=&as_pt=BOOKS&cd=9&source=gbs_api', 'infoLink': 'http://books.google.com/books?id=uPK8P2Th0ocC&dq=%27%27Ku+Klux+Klan+Trilogy+(1902%E2%80%931907)+(series),+Thomas+Dixon,+Jr.%27%27&hl=&as_pt=BOOKS&source=gbs_api', 'canonicalVolumeLink': 'https://books.google.com/books/about/Albion_W_Tourg%C3%A9e.html?hl=&id=uPK8P2Th0ocC'}","{'country': 'US', 'saleability': 'NOT_FOR_SALE', 'isEbook': False}","{'country': 'US', 'viewability': 'PARTIAL', 'embeddable': True, 'publicDomain': False, 'textToSpeechPermission': 'ALLOWED', 'epub': {'isAvailable': False}, 'pdf': {'isAvailable': False}, 'webReaderLink': 'http://play.google.com/books/reader?id=uPK8P2Th0ocC&hl=&as_pt=BOOKS&printsec=frontcover&source=gbs_api', 'accessViewStatus': 'SAMPLE', 'quoteSharingAllowed': False}","{'textSnippet': '... works are compared with those of <b>Thomas Dixon</b>, <b>Jr</b>., the most reactionary apologist of slavery and the <b>Ku Klux Klan</b>. ... Spots (<b>1902</b>), The Clansman (1905), and The Traitor (<b>1907</b>)-are a chronicle and a defense of the <b>Ku Klux Klan</b>.'}"
books#volume,MZEfAQAAMAAJ,jrLvegQLTm8,https://www.googleapis.com/books/v1/volumes/MZEfAQAAMAAJ,"{'title': 'Civilization and the South', 'subtitle': 'Southern Writers and American Empire, 1866-1907', 'authors': ['Jeremy D. Wells'], 'publishedDate': '2000', 'industryIdentifiers': [{'type': 'OTHER', 'identifier': 'UOM:39015049504502'}], 'readingModes': {'text': False, 'image': False}, 'printType': 'BOOK', 'maturityRating': 'NOT_MATURE', 'allowAnonLogging': False, 'contentVersion': '0.0.1.0.preview.0', 'panelizationSummary': {'containsEpubBubbles': False, 'containsImageBubbles': False}, 'imageLinks': {'smallThumbnail': 'http://books.google.com/books/content?id=MZEfAQAAMAAJ&printsec=frontcover&img=1&zoom=5&source=gbs_api', 'thumbnail': 'http://books.google.com/books/content?id=MZEfAQAAMAAJ&printsec=frontcover&img=1&zoom=1&source=gbs_api'}, 'language': 'en', 'previewLink': 'http://books.google.com/books?id=MZEfAQAAMAAJ&q=%27%27Ku+Klux+Klan+Trilogy+(1902%E2%80%931907)+(series),+Thomas+Dixon,+Jr.%27%27&dq=%27%27Ku+Klux+Klan+Trilogy+(1902%E2%80%931907)+(series),+Thomas+Dixon,+Jr.%27%27&hl=&as_pt=BOOKS&cd=10&source=gbs_api', 'infoLink': 'http://books.google.com/books?id=MZEfAQAAMAAJ&dq=%27%27Ku+Klux+Klan+Trilogy+(1902%E2%80%931907)+(series),+Thomas+Dixon,+Jr.%27%27&hl=&as_pt=BOOKS&source=gbs_api', 'canonicalVolumeLink': 'https://books.google.com/books/about/Civilization_and_the_South.html?hl=&id=MZEfAQAAMAAJ'}","{'country': 'US', 'saleability': 'NOT_FOR_SALE', 'isEbook': False}","{'country': 'US', 'viewability': 'NO_PAGES', 'embeddable': False, 'publicDomain': False, 'textToSpeechPermission': 'ALLOWED', 'epub': {'isAvailable': False}, 'pdf': {'isAvailable': False}, 'webReaderLink': 'http://play.google.com/books/reader?id=MZEfAQAAMAAJ&hl=&as_pt=BOOKS&printsec=frontcover&source=gbs_api', 'accessViewStatus': 'NONE', 'quoteSharingAllowed': False}","{'textSnippet': 'The subject of chapter five , <b>Thomas Dixon</b> , <b>Jr</b>. , saw black southemers as incapable of uplift and assimilation . In his <b>trilogy</b> of <b>Ku Klux Klan</b> novels published between <b>1902</b> and <b>1907</b> , <b>Dixon</b> rehearses almost all of the history covered&nbsp;...'}"
